participant,name:1,roll:1,email:1,exp_type_1:1,exp_type_2:1,exp_type_3:1,endcode,TIME_start,TIME_end,TIME_total
s.d6373d74-b411-44f8-b880-8ecd0b792d50.txt,Ashwani,19111019,bashwani@iitk.ac.in,ori_left.2020-04-17-1455.data.d6373d74-b411-44f8-b880-8ecd0b792d50.txt,ori_steep.2020-04-17-1459.data.d6373d74-b411-44f8-b880-8ecd0b792d50.txt,ori_steep_left.2020-04-17-1503.data.d6373d74-b411-44f8-b880-8ecd0b792d50.txt,V4JwPHes,2020-04-17-14-50,2020-04-17-15-03,13
s.debcc539-c49a-4a5e-913f-0f5f5e1ea2b2.txt,Fahad,190799,fahadshk@iitk.ac.in,ori_left.2020-04-19-0220.data.debcc539-c49a-4a5e-913f-0f5f5e1ea2b2.txt,ori_steep.2020-04-19-0224.data.debcc539-c49a-4a5e-913f-0f5f5e1ea2b2.txt,ori_steep_left.2020-04-19-0228.data.debcc539-c49a-4a5e-913f-0f5f5e1ea2b2.txt,KXZsEAAZ,2020-04-19-02-16,2020-04-19-02-28,12
s.31f1f8d3-d095-444b-9b8b-0909f64acebf.txt,Abhishek Verma,190042,abhivrm@iitk.ac.in,ori_left.2020-04-18-1711.data.31f1f8d3-d095-444b-9b8b-0909f64acebf.txt,ori_steep.2020-04-18-1715.data.31f1f8d3-d095-444b-9b8b-0909f64acebf.txt,ori_steep_left.2020-04-18-1720.data.31f1f8d3-d095-444b-9b8b-0909f64acebf.txt,GLOnJYxQ,2020-04-18-17-06,2020-04-18-17-20,14
s.06dc64aa-ac9c-446c-9b16-6dd9ecf2455f.txt,Debaditya Bhattacharya,190254,debbh@iitk.ac.in,ori_left.2020-04-17-1510.data.06dc64aa-ac9c-446c-9b16-6dd9ecf2455f.txt,ori_steep.2020-04-17-1514.data.06dc64aa-ac9c-446c-9b16-6dd9ecf2455f.txt,ori_steep_left.2020-04-17-1527.data.06dc64aa-ac9c-446c-9b16-6dd9ecf2455f.txt,JLDadCUL,2020-04-17-15-06,2020-04-17-15-27,21
s.3371d335-73e8-4300-9a33-29fd89b9eb4f.txt,s,"","","","","","",2020-04-17-05-48,"",""
s.d9de8ad9-49d7-4418-bbf7-e3593b41f67a.txt,Vidit Tripathi,160781,viditt@iitk.ac.in,ori_left.2020-04-17-1519.data.d9de8ad9-49d7-4418-bbf7-e3593b41f67a.txt,ori_steep.2020-04-17-1523.data.d9de8ad9-49d7-4418-bbf7-e3593b41f67a.txt,ori_steep_left.2020-04-17-1527.data.d9de8ad9-49d7-4418-bbf7-e3593b41f67a.txt,6pD2J8FC,2020-04-17-15-14,2020-04-17-15-27,13
s.5a07f22f-37eb-42c8-9086-3526f571c761.txt,"","","","","","","",2020-04-17-14-51,"",""
s.5f919493-0260-4967-9e7c-289d94f29038.txt,Shashwat Agarwal,190797,shashag@iitk.ac.in,ori_left.2020-04-18-1041.data.5f919493-0260-4967-9e7c-289d94f29038.txt,ori_steep.2020-04-18-1045.data.5f919493-0260-4967-9e7c-289d94f29038.txt,ori_steep_left.2020-04-18-1049.data.5f919493-0260-4967-9e7c-289d94f29038.txt,23a3kqkc,2020-04-18-10-37,2020-04-18-10-49,12
s.54ddef0a-a00c-4aeb-bfc7-d40de1b0546d.txt,Tushar Singla,190918,tusharsi@iitk.ac.in,ori_left.2020-04-17-1838.data.54ddef0a-a00c-4aeb-bfc7-d40de1b0546d.txt,ori_steep.2020-04-17-1842.data.54ddef0a-a00c-4aeb-bfc7-d40de1b0546d.txt,ori_steep_left.2020-04-17-1846.data.54ddef0a-a00c-4aeb-bfc7-d40de1b0546d.txt,VSgVMDBX,2020-04-17-18-33,2020-04-17-18-46,13
